,id,link
0,0,https://n.news.naver.com/mnews/article/421/0008261121?sid=101
1,1,https://n.news.naver.com/mnews/article/018/0006019437?sid=101
2,2,https://n.news.naver.com/mnews/article/001/0015387406?sid=102
3,3,https://n.news.naver.com/mnews/article/014/0005348733?sid=101
4,4,https://n.news.naver.com/mnews/article/366/0001077259?sid=101
5,5,https://n.news.naver.com/mnews/article/138/0002196823?sid=101
6,6,https://n.news.naver.com/mnews/article/024/0000097135?sid=102
7,7,https://n.news.naver.com/mnews/article/001/0015389818?sid=102
8,8,https://n.news.naver.com/mnews/article/056/0011951061?sid=101
9,9,https://n.news.naver.com/mnews/article/082/0001325428?sid=101
10,10,https://n.news.naver.com/mnews/article/003/0013230603?sid=101
11,11,https://n.news.naver.com/mnews/article/119/0002955820?sid=101
12,12,https://n.news.naver.com/mnews/article/214/0001422590?sid=102
13,13,https://n.news.naver.com/mnews/article/003/0013223227?sid=101
14,14,https://n.news.naver.com/mnews/article/024/0000097135?sid=102
15,15,https://n.news.naver.com/mnews/article/001/0015360787?sid=101
16,16,https://n.news.naver.com/mnews/article/009/0005487957?sid=103
17,17,https://n.news.naver.com/mnews/article/025/0003438757?sid=101
18,18,https://n.news.naver.com/mnews/article/374/0000439979?sid=101
19,19,https://n.news.naver.com/mnews/article/214/0001422511?sid=102
20,20,https://n.news.naver.com/mnews/article/366/0001074918?sid=101
21,21,https://n.news.naver.com/mnews/article/277/0005588260?sid=101
22,22,https://n.news.naver.com/mnews/article/057/0001885171?sid=101
23,23,https://n.news.naver.com/mnews/article/421/0008238520?sid=101
24,24,https://n.news.naver.com/mnews/article/031/0000928626?sid=101
25,25,https://n.news.naver.com/mnews/article/003/0013232935?sid=101
26,26,https://n.news.naver.com/mnews/article/437/0000439509?sid=102
27,27,https://n.news.naver.com/mnews/article/001/0015355638?sid=101
28,28,https://n.news.naver.com/mnews/article/003/0013205580?sid=101
29,29,https://n.news.naver.com/mnews/article/008/0005188714?sid=102
30,30,https://n.news.naver.com/mnews/article/001/0015350509?sid=102
31,31,https://n.news.naver.com/mnews/article/003/0013219297?sid=101
32,32,https://n.news.naver.com/mnews/article/293/0000066309?sid=101
33,33,https://n.news.naver.com/mnews/article/018/0006007416?sid=101
34,34,https://n.news.naver.com/mnews/article/011/0004477238?sid=101
35,35,https://n.news.naver.com/mnews/article/081/0003539681?sid=104
36,36,https://n.news.naver.com/mnews/article/629/0000387701?sid=102
37,37,https://n.news.naver.com/mnews/article/648/0000035761?sid=101
38,38,https://n.news.naver.com/mnews/article/020/0003632131?sid=101
39,39,https://n.news.naver.com/mnews/article/008/0005190329?sid=101
40,40,https://n.news.naver.com/mnews/article/277/0005583610?sid=101
41,41,https://n.news.naver.com/mnews/article/003/0013213413?sid=102
42,42,https://n.news.naver.com/mnews/article/421/0008202834?sid=101
43,43,https://n.news.naver.com/mnews/article/025/0003435296?sid=101
44,44,https://n.news.naver.com/mnews/article/014/0005338837?sid=101
45,45,https://n.news.naver.com/mnews/article/015/0005121796?sid=101
46,46,https://n.news.naver.com/mnews/article/417/0001072674?sid=101
47,47,https://n.news.naver.com/mnews/article/001/0015402739?sid=100
48,48,https://n.news.naver.com/mnews/article/629/0000391870?sid=102
49,49,https://n.news.naver.com/mnews/article/047/0002474198?sid=154
50,50,https://n.news.naver.com/mnews/article/057/0001887272?sid=101
51,51,https://n.news.naver.com/mnews/article/092/0002374512?sid=105
52,52,https://n.news.naver.com/mnews/article/293/0000066294?sid=101
53,53,https://n.news.naver.com/mnews/article/001/0015337038?sid=101
54,54,https://n.news.naver.com/mnews/article/092/0002370935?sid=105
55,55,https://n.news.naver.com/mnews/article/018/0005988818?sid=101
56,56,https://n.news.naver.com/mnews/article/082/0001321057?sid=101
57,57,https://n.news.naver.com/mnews/article/056/0011929231?sid=101
58,58,https://n.news.naver.com/mnews/article/009/0005474377?sid=103
59,59,https://n.news.naver.com/mnews/article/001/0015320482?sid=101
60,60,https://n.news.naver.com/mnews/article/015/0005131126?sid=105
61,61,https://n.news.naver.com/mnews/article/417/0001068790?sid=101
62,62,https://n.news.naver.com/mnews/article/031/0000921430?sid=101
63,63,https://n.news.naver.com/mnews/article/009/0005496191?sid=101
64,64,https://n.news.naver.com/mnews/article/005/0001765192?sid=101
65,65,https://n.news.naver.com/mnews/article/032/0003358611?sid=101
66,66,https://n.news.naver.com/mnews/article/421/0008147500?sid=101
67,67,https://n.news.naver.com/mnews/article/003/0013137110?sid=101
68,68,https://n.news.naver.com/mnews/article/047/0002465857?sid=102
69,69,https://n.news.naver.com/mnews/article/009/0005458579?sid=101
70,70,https://n.news.naver.com/mnews/article/138/0002192766?sid=101
71,71,https://n.news.naver.com/mnews/article/417/0001076574?sid=105
72,72,https://n.news.naver.com/mnews/article/022/0004028435?sid=101
73,73,https://n.news.naver.com/mnews/article/016/0002439420?sid=101
74,74,https://n.news.naver.com/mnews/article/215/0001201173?sid=103
75,75,https://n.news.naver.com/mnews/article/020/0003632131?sid=101
76,76,https://n.news.naver.com/mnews/article/008/0005190329?sid=101
77,77,https://n.news.naver.com/mnews/article/014/0005345479?sid=101
78,78,https://n.news.naver.com/mnews/article/656/0000130249?sid=101
79,79,https://n.news.naver.com/mnews/article/011/0004481324?sid=101
80,80,https://n.news.naver.com/mnews/article/277/0005583610?sid=101
81,81,https://n.news.naver.com/mnews/article/003/0013213413?sid=102
82,82,https://n.news.naver.com/mnews/article/421/0008202834?sid=101
83,83,https://n.news.naver.com/mnews/article/421/0008208719?sid=101
84,84,https://n.news.naver.com/mnews/article/119/0002952886?sid=101
85,85,https://n.news.naver.com/mnews/article/003/0013213413?sid=102
86,86,https://n.news.naver.com/mnews/article/421/0008202834?sid=101
87,87,https://n.news.naver.com/mnews/article/421/0008208719?sid=101
88,88,https://n.news.naver.com/mnews/article/119/0002953027?sid=101
89,89,https://n.news.naver.com/mnews/article/092/0002372128?sid=105
90,90,https://n.news.naver.com/mnews/article/025/0003435296?sid=101
91,91,https://n.news.naver.com/mnews/article/014/0005338837?sid=101
92,92,https://n.news.naver.com/mnews/article/008/0005190156?sid=101
93,93,https://n.news.naver.com/mnews/article/138/0002195652?sid=101
94,94,https://n.news.naver.com/mnews/article/138/0002195736?sid=101
95,95,https://n.news.naver.com/mnews/article/015/0005121796?sid=101
96,96,https://n.news.naver.com/mnews/article/374/0000437224?sid=101
97,97,https://n.news.naver.com/mnews/article/001/0015402739?sid=100
98,98,https://n.news.naver.com/mnews/article/629/0000391870?sid=102
99,99,https://n.news.naver.com/mnews/article/047/0002474198?sid=154
100,100,https://n.news.naver.com/mnews/article/001/0015399015?sid=101
101,101,https://n.news.naver.com/mnews/article/057/0001887272?sid=101
102,102,https://n.news.naver.com/mnews/article/092/0002374512?sid=105
103,103,https://n.news.naver.com/mnews/article/293/0000066294?sid=101
104,104,https://n.news.naver.com/mnews/article/001/0015337038?sid=101
105,105,https://n.news.naver.com/mnews/article/018/0006018638?sid=101
106,106,https://n.news.naver.com/mnews/article/092/0002374512?sid=105
107,107,https://n.news.naver.com/mnews/article/293/0000066294?sid=101
108,108,https://n.news.naver.com/mnews/article/001/0015337038?sid=101
109,109,https://n.news.naver.com/mnews/article/092/0002370935?sid=105
110,110,https://n.news.naver.com/mnews/article/031/0000925122?sid=101
111,111,https://n.news.naver.com/mnews/article/018/0005988818?sid=101
112,112,https://n.news.naver.com/mnews/article/055/0001250234?sid=101
113,113,https://n.news.naver.com/mnews/article/092/0002370935?sid=105
114,114,https://n.news.naver.com/mnews/article/031/0000925122?sid=101
115,115,https://n.news.naver.com/mnews/article/018/0005988818?sid=101
116,116,https://n.news.naver.com/mnews/article/082/0001321057?sid=101
117,117,https://n.news.naver.com/mnews/article/056/0011929231?sid=101
118,118,https://n.news.naver.com/mnews/article/011/0004474593?sid=101
119,119,https://n.news.naver.com/mnews/article/018/0005988818?sid=101
120,120,https://n.news.naver.com/mnews/article/082/0001321057?sid=101
121,121,https://n.news.naver.com/mnews/article/031/0000925418?sid=101
122,122,https://n.news.naver.com/mnews/article/056/0011929231?sid=101
123,123,https://n.news.naver.com/mnews/article/009/0005474377?sid=103
124,124,https://n.news.naver.com/mnews/article/001/0015332715?sid=101
125,125,https://n.news.naver.com/mnews/article/366/0001069651?sid=101
126,126,https://n.news.naver.com/mnews/article/018/0005988818?sid=101
127,127,https://n.news.naver.com/mnews/article/082/0001321057?sid=101
128,128,https://n.news.naver.com/mnews/article/031/0000925418?sid=101
129,129,https://n.news.naver.com/mnews/article/056/0011929231?sid=101
130,130,https://n.news.naver.com/mnews/article/009/0005474377?sid=103
131,131,https://n.news.naver.com/mnews/article/009/0005474377?sid=103
132,132,https://n.news.naver.com/mnews/article/001/0015320482?sid=101
133,133,https://n.news.naver.com/mnews/article/001/0015336132?sid=102
134,134,https://n.news.naver.com/mnews/article/015/0005131126?sid=105
135,135,https://n.news.naver.com/mnews/article/417/0001068790?sid=101
136,136,https://n.news.naver.com/mnews/article/031/0000921430?sid=101
137,137,https://n.news.naver.com/mnews/article/009/0005496191?sid=101
138,138,https://n.news.naver.com/mnews/article/001/0015336136?sid=102
139,139,https://n.news.naver.com/mnews/article/015/0005131126?sid=105
140,140,https://n.news.naver.com/mnews/article/417/0001068790?sid=101
141,141,https://n.news.naver.com/mnews/article/031/0000921430?sid=101
142,142,https://n.news.naver.com/mnews/article/009/0005496191?sid=101
143,143,https://n.news.naver.com/mnews/article/421/0008254101?sid=101
144,144,https://n.news.naver.com/mnews/article/005/0001765192?sid=101
145,145,https://n.news.naver.com/mnews/article/015/0005131126?sid=105
146,146,https://n.news.naver.com/mnews/article/417/0001068790?sid=101
147,147,https://n.news.naver.com/mnews/article/031/0000921430?sid=101
148,148,https://n.news.naver.com/mnews/article/009/0005496191?sid=101
149,149,https://n.news.naver.com/mnews/article/421/0008254101?sid=101
150,150,https://n.news.naver.com/mnews/article/005/0001765192?sid=101
151,151,https://n.news.naver.com/mnews/article/032/0003358611?sid=101
152,152,https://n.news.naver.com/mnews/article/421/0008147500?sid=101
153,153,https://n.news.naver.com/mnews/article/366/0001077613?sid=101
154,154,https://n.news.naver.com/mnews/article/421/0008147500?sid=101
155,155,https://n.news.naver.com/mnews/article/003/0013137110?sid=101
156,156,https://n.news.naver.com/mnews/article/241/0003422728?sid=101
157,157,https://n.news.naver.com/mnews/article/029/0002948898?sid=101
158,158,https://n.news.naver.com/mnews/article/009/0005477143?sid=101
159,159,https://n.news.naver.com/mnews/article/055/0001240378?sid=101
160,160,https://n.news.naver.com/mnews/article/243/0000077858?sid=101
161,161,https://n.news.naver.com/mnews/article/215/0001202998?sid=101
162,162,https://n.news.naver.com/mnews/article/117/0003925090?sid=103
163,163,https://n.news.naver.com/mnews/article/215/0001209466?sid=101
164,164,https://n.news.naver.com/mnews/article/029/0002948898?sid=101
165,165,https://n.news.naver.com/mnews/article/001/0015283158?sid=101
166,166,https://n.news.naver.com/mnews/article/009/0005477143?sid=101
167,167,https://n.news.naver.com/mnews/article/055/0001240378?sid=101
168,168,https://n.news.naver.com/mnews/article/243/0000077858?sid=101
169,169,https://n.news.naver.com/mnews/article/009/0005477143?sid=101
170,170,https://n.news.naver.com/mnews/article/055/0001240378?sid=101
171,171,https://n.news.naver.com/mnews/article/243/0000077858?sid=101
172,172,https://n.news.naver.com/mnews/article/047/0002465857?sid=102
173,173,https://n.news.naver.com/mnews/article/009/0005458579?sid=101
174,174,https://n.news.naver.com/mnews/article/138/0002192766?sid=101
175,175,https://n.news.naver.com/mnews/article/417/0001076574?sid=105
176,176,https://n.news.naver.com/mnews/article/629/0000381692?sid=101
177,177,https://n.news.naver.com/mnews/article/022/0004028435?sid=101
178,178,https://n.news.naver.com/mnews/article/022/0004028435?sid=101
179,179,https://n.news.naver.com/mnews/article/629/0000389522?sid=105
180,180,https://n.news.naver.com/mnews/article/448/0000515838?sid=101
181,181,https://n.news.naver.com/mnews/article/277/0005578596?sid=101
182,182,https://n.news.naver.com/mnews/article/016/0002439420?sid=101
183,183,https://n.news.naver.com/mnews/article/215/0001201173?sid=103
184,184,https://n.news.naver.com/mnews/article/011/0004456433?sid=101
185,185,https://n.news.naver.com/mnews/article/011/0004456433?sid=101
186,186,https://n.news.naver.com/mnews/article/001/0015259685?sid=101
187,187,https://n.news.naver.com/mnews/article/031/0000912407?sid=101
188,188,https://n.news.naver.com/mnews/article/003/0013177099?sid=101
189,189,https://n.news.naver.com/mnews/article/092/0002364677?sid=105
190,190,https://n.news.naver.com/mnews/article/018/0005982952?sid=101
191,191,https://n.news.naver.com/mnews/article/003/0013238296?sid=105
192,192,https://n.news.naver.com/mnews/article/001/0015243847?sid=101
193,193,https://n.news.naver.com/mnews/article/629/0000380378?sid=101
194,194,https://n.news.naver.com/mnews/article/003/0013238296?sid=105
195,195,https://n.news.naver.com/mnews/article/001/0015243847?sid=101
196,196,https://n.news.naver.com/mnews/article/119/0002956932?sid=101
197,197,https://n.news.naver.com/mnews/article/009/0005457363?sid=101
198,198,https://n.news.naver.com/mnews/article/277/0005559414?sid=101
199,199,https://n.news.naver.com/mnews/article/586/0000097751?sid=101
200,200,https://n.news.naver.com/mnews/article/003/0013170252?sid=102
201,201,https://n.news.naver.com/mnews/article/009/0005457363?sid=101
202,202,https://n.news.naver.com/mnews/article/277/0005559414?sid=101
203,203,https://n.news.naver.com/mnews/article/014/0005350685?sid=101
204,204,https://n.news.naver.com/mnews/article/586/0000097751?sid=101
205,205,https://n.news.naver.com/mnews/article/277/0005575008?sid=101
206,206,https://n.news.naver.com/mnews/article/003/0013170252?sid=102
207,207,https://n.news.naver.com/mnews/article/092/0002364177?sid=105
208,208,https://n.news.naver.com/mnews/article/092/0002364023?sid=105
209,209,https://n.news.naver.com/mnews/article/018/0005948367?sid=101
210,210,https://n.news.naver.com/mnews/article/092/0002364177?sid=105
211,211,https://n.news.naver.com/mnews/article/092/0002364023?sid=105
212,212,https://n.news.naver.com/mnews/article/018/0005941601?sid=101
213,213,https://n.news.naver.com/mnews/article/020/0003625230?sid=101
214,214,https://n.news.naver.com/mnews/article/092/0002368725?sid=105
215,215,https://n.news.naver.com/mnews/article/001/0015386976?sid=102
216,216,https://n.news.naver.com/mnews/article/009/0005447793?sid=103
217,217,https://n.news.naver.com/mnews/article/001/0015225806?sid=101
218,218,https://n.news.naver.com/mnews/article/018/0005941601?sid=101
219,219,https://n.news.naver.com/mnews/article/020/0003625230?sid=101
220,220,https://n.news.naver.com/mnews/article/092/0002368725?sid=105
221,221,https://n.news.naver.com/mnews/article/001/0015386976?sid=102
222,222,https://n.news.naver.com/mnews/article/092/0002367698?sid=105
223,223,https://n.news.naver.com/mnews/article/052/0002169340?sid=101
224,224,https://n.news.naver.com/mnews/article/052/0002156211?sid=101
225,225,https://n.news.naver.com/mnews/article/018/0005941601?sid=101
226,226,https://n.news.naver.com/mnews/article/020/0003625230?sid=101
227,227,https://n.news.naver.com/mnews/article/092/0002368725?sid=105
228,228,https://n.news.naver.com/mnews/article/001/0015386976?sid=102
229,229,https://n.news.naver.com/mnews/article/092/0002367698?sid=105
230,230,https://n.news.naver.com/mnews/article/052/0002169340?sid=101
231,231,https://n.news.naver.com/mnews/article/001/0015386974?sid=102
232,232,https://n.news.naver.com/mnews/article/092/0002367698?sid=105
233,233,https://n.news.naver.com/mnews/article/052/0002169340?sid=101
234,234,https://n.news.naver.com/mnews/article/421/0008049512?sid=101
235,235,https://n.news.naver.com/mnews/article/011/0004464835?sid=101
236,236,https://n.news.naver.com/mnews/article/022/0004008672?sid=101
237,237,https://n.news.naver.com/mnews/article/117/0003910562?sid=103
238,238,https://n.news.naver.com/mnews/article/117/0003910562?sid=103
239,239,https://n.news.naver.com/mnews/article/015/0005097362?sid=102
240,240,https://n.news.naver.com/mnews/article/119/0002937357?sid=103
241,241,https://n.news.naver.com/mnews/article/092/0002368074?sid=105
242,242,https://n.news.naver.com/mnews/article/417/0001055034?sid=101
243,243,https://n.news.naver.com/mnews/article/055/0001240433?sid=101
244,244,https://n.news.naver.com/mnews/article/119/0002934036?sid=101
245,245,https://n.news.naver.com/mnews/article/366/0001063815?sid=101
246,246,https://n.news.naver.com/mnews/article/001/0015288840?sid=101
247,247,https://n.news.naver.com/mnews/article/417/0001055034?sid=101
248,248,https://n.news.naver.com/mnews/article/055/0001240433?sid=101
249,249,https://n.news.naver.com/mnews/article/119/0002934036?sid=101
250,250,https://n.news.naver.com/mnews/article/214/0001413384?sid=101
251,251,https://n.news.naver.com/mnews/article/008/0005169774?sid=101
252,252,https://n.news.naver.com/mnews/article/421/0008133644?sid=101
253,253,https://n.news.naver.com/mnews/article/422/0000708799?sid=101
254,254,https://n.news.naver.com/mnews/article/030/0003296795?sid=101
255,255,https://n.news.naver.com/mnews/article/088/0000938157?sid=101
256,256,https://n.news.naver.com/mnews/article/003/0013040582?sid=101
257,257,https://n.news.naver.com/mnews/article/055/0001240433?sid=101
258,258,https://n.news.naver.com/mnews/article/119/0002934036?sid=101
259,259,https://n.news.naver.com/mnews/article/214/0001413384?sid=101
260,260,https://n.news.naver.com/mnews/article/008/0005169774?sid=101
261,261,https://n.news.naver.com/mnews/article/421/0008133644?sid=101
262,262,https://n.news.naver.com/mnews/article/422/0000708799?sid=101
263,263,https://n.news.naver.com/mnews/article/421/0008147356?sid=101
264,264,https://n.news.naver.com/mnews/article/421/0008133644?sid=101
265,265,https://n.news.naver.com/mnews/article/422/0000708799?sid=101
266,266,https://n.news.naver.com/mnews/article/648/0000036113?sid=105
267,267,https://n.news.naver.com/mnews/article/001/0015223284?sid=101
268,268,https://n.news.naver.com/mnews/article/092/0002370236?sid=105
269,269,https://n.news.naver.com/mnews/article/015/0005107422?sid=101
270,270,https://n.news.naver.com/mnews/article/030/0003280187?sid=101
271,271,https://n.news.naver.com/mnews/article/421/0008246208?sid=101
272,272,https://n.news.naver.com/mnews/article/011/0004443446?sid=101
273,273,https://n.news.naver.com/mnews/article/022/0004020167?sid=101
274,274,https://n.news.naver.com/mnews/article/119/0002916397?sid=101
275,275,https://n.news.naver.com/mnews/article/057/0001867857?sid=101
276,276,https://n.news.naver.com/mnews/article/374/0000430260?sid=101
277,277,https://n.news.naver.com/mnews/article/047/0002465225?sid=102
278,278,https://n.news.naver.com/mnews/article/138/0002189667?sid=101
279,279,https://n.news.naver.com/mnews/article/057/0001867803?sid=101
280,280,https://n.news.naver.com/mnews/article/003/0013123062?sid=101
281,281,https://n.news.naver.com/mnews/article/014/0005332323?sid=101
282,282,https://n.news.naver.com/mnews/article/031/0000914565?sid=101
283,283,https://n.news.naver.com/mnews/article/079/0003982903?sid=102
284,284,https://n.news.naver.com/mnews/article/374/0000429512?sid=103
285,285,https://n.news.naver.com/mnews/article/008/0005141807?sid=101
286,286,https://n.news.naver.com/mnews/article/031/0000901309?sid=101
287,287,https://n.news.naver.com/mnews/article/241/0003407644?sid=101
288,288,https://n.news.naver.com/mnews/article/014/0005302494?sid=101
289,289,https://n.news.naver.com/mnews/article/008/0005163837?sid=101
290,290,https://n.news.naver.com/mnews/article/011/0004456878?sid=101
291,291,https://n.news.naver.com/mnews/article/277/0005534266?sid=101
292,292,https://n.news.naver.com/mnews/article/022/0004015793?sid=101
293,293,https://n.news.naver.com/mnews/article/015/0005103972?sid=101
294,294,https://n.news.naver.com/mnews/article/003/0013010233?sid=101
295,295,https://n.news.naver.com/mnews/article/015/0005131226?sid=105
296,296,https://n.news.naver.com/mnews/article/020/0003609251?sid=101
297,297,https://n.news.naver.com/mnews/article/018/0005954632?sid=101
298,298,https://n.news.naver.com/mnews/article/022/0004015732?sid=101
299,299,https://n.news.naver.com/mnews/article/648/0000032215?sid=101
300,300,https://n.news.naver.com/mnews/article/629/0000354649?sid=101
301,301,https://n.news.naver.com/mnews/article/030/0003289580?sid=101
302,302,https://n.news.naver.com/mnews/article/648/0000032215?sid=101
303,303,https://n.news.naver.com/mnews/article/629/0000354649?sid=101
304,304,https://n.news.naver.com/mnews/article/031/0000914128?sid=101
305,305,https://n.news.naver.com/mnews/article/421/0008027241?sid=101
306,306,https://n.news.naver.com/mnews/article/215/0001195580?sid=103
307,307,https://n.news.naver.com/mnews/article/277/0005554202?sid=101
308,308,https://n.news.naver.com/mnews/article/028/0002725156?sid=101
309,309,https://n.news.naver.com/mnews/article/052/0002136823?sid=101
310,310,https://n.news.naver.com/mnews/article/056/0011869507?sid=101
311,311,https://n.news.naver.com/mnews/article/648/0000032470?sid=101
312,312,https://n.news.naver.com/mnews/article/081/0003540950?sid=101
313,313,https://n.news.naver.com/mnews/article/031/0000899115?sid=101
314,314,https://n.news.naver.com/mnews/article/138/0002196438?sid=105
315,315,https://n.news.naver.com/mnews/article/056/0011869205?sid=101
316,316,https://n.news.naver.com/mnews/article/648/0000032470?sid=101
317,317,https://n.news.naver.com/mnews/article/081/0003540950?sid=101
318,318,https://n.news.naver.com/mnews/article/031/0000899115?sid=101
319,319,https://n.news.naver.com/mnews/article/138/0002196438?sid=105
320,320,https://n.news.naver.com/mnews/article/003/0013097524?sid=101
321,321,https://n.news.naver.com/mnews/article/092/0002365341?sid=105
322,322,https://n.news.naver.com/mnews/article/003/0013097524?sid=101
323,323,https://n.news.naver.com/mnews/article/092/0002365341?sid=105
324,324,https://n.news.naver.com/mnews/article/032/0003343673?sid=101
325,325,https://n.news.naver.com/mnews/article/138/0002188833?sid=101
326,326,https://n.news.naver.com/mnews/article/055/0001224228?sid=101
327,327,https://n.news.naver.com/mnews/article/243/0000070650?sid=101
328,328,https://n.news.naver.com/mnews/article/016/0002410116?sid=101
329,329,https://n.news.naver.com/mnews/article/243/0000070650?sid=101
330,330,https://n.news.naver.com/mnews/article/016/0002410116?sid=101
331,331,https://n.news.naver.com/mnews/article/586/0000094576?sid=101
332,332,https://n.news.naver.com/mnews/article/009/0005452118?sid=101
333,333,https://n.news.naver.com/mnews/article/001/0015137119?sid=101
334,334,https://n.news.naver.com/mnews/article/008/0005156643?sid=101
335,335,https://n.news.naver.com/mnews/article/117/0003900643?sid=103
336,336,https://n.news.naver.com/mnews/article/293/0000062235?sid=101
337,337,https://n.news.naver.com/mnews/article/138/0002188753?sid=101
338,338,https://n.news.naver.com/mnews/article/009/0005452118?sid=101
339,339,https://n.news.naver.com/mnews/article/001/0015137119?sid=101
340,340,https://n.news.naver.com/mnews/article/008/0005156643?sid=101
341,341,https://n.news.naver.com/mnews/article/028/0002733459?sid=101
342,342,https://n.news.naver.com/mnews/article/052/0002135258?sid=101
343,343,https://n.news.naver.com/mnews/article/138/0002188753?sid=101
344,344,https://n.news.naver.com/mnews/article/009/0005452118?sid=101
345,345,https://n.news.naver.com/mnews/article/001/0015137119?sid=101
346,346,https://n.news.naver.com/mnews/article/008/0005156643?sid=101
347,347,https://n.news.naver.com/mnews/article/028/0002733459?sid=101
348,348,https://n.news.naver.com/mnews/article/003/0013105090?sid=102
349,349,https://n.news.naver.com/mnews/article/081/0003521945?sid=101
350,350,https://n.news.naver.com/mnews/article/001/0015137119?sid=101
351,351,https://n.news.naver.com/mnews/article/008/0005156643?sid=101
352,352,https://n.news.naver.com/mnews/article/028/0002733459?sid=101
353,353,https://n.news.naver.com/mnews/article/003/0013105090?sid=102
354,354,https://n.news.naver.com/mnews/article/032/0003369199?sid=101
355,355,https://n.news.naver.com/mnews/article/028/0002733459?sid=101
356,356,https://n.news.naver.com/mnews/article/003/0013105090?sid=102
357,357,https://n.news.naver.com/mnews/article/032/0003369199?sid=101
358,358,https://n.news.naver.com/mnews/article/052/0002135338?sid=101
359,359,https://n.news.naver.com/mnews/article/138/0002191291?sid=101
360,360,https://n.news.naver.com/mnews/article/014/0005311741?sid=101
361,361,https://n.news.naver.com/mnews/article/421/0008003768?sid=101
362,362,https://n.news.naver.com/mnews/article/001/0015138596?sid=101
363,363,https://n.news.naver.com/mnews/article/138/0002191291?sid=101
364,364,https://n.news.naver.com/mnews/article/014/0005311741?sid=101
365,365,https://n.news.naver.com/mnews/article/421/0008003768?sid=101
366,366,https://n.news.naver.com/mnews/article/215/0001209031?sid=101
367,367,https://n.news.naver.com/mnews/article/293/0000062318?sid=101
368,368,https://n.news.naver.com/mnews/article/293/0000064081?sid=101
369,369,https://n.news.naver.com/mnews/article/031/0000931628?sid=101
370,370,https://n.news.naver.com/mnews/article/293/0000062318?sid=101
371,371,https://n.news.naver.com/mnews/article/293/0000064081?sid=101
372,372,https://n.news.naver.com/mnews/article/031/0000931628?sid=101
373,373,https://n.news.naver.com/mnews/article/421/0008086866?sid=101
374,374,https://n.news.naver.com/mnews/article/374/0000418449?sid=101
375,375,https://n.news.naver.com/mnews/article/119/0002921454?sid=101
376,376,https://n.news.naver.com/mnews/article/629/0000355442?sid=101
377,377,https://n.news.naver.com/mnews/article/629/0000355442?sid=101
378,378,https://n.news.naver.com/mnews/article/001/0015142390?sid=101
379,379,https://n.news.naver.com/mnews/article/119/0002911563?sid=101
380,380,https://n.news.naver.com/mnews/article/031/0000906587?sid=101
381,381,https://n.news.naver.com/mnews/article/025/0003419062?sid=101
382,382,https://n.news.naver.com/mnews/article/016/0002470442?sid=105
383,383,https://n.news.naver.com/mnews/article/421/0008057985?sid=101
384,384,https://n.news.naver.com/mnews/article/421/0007958592?sid=101
385,385,https://n.news.naver.com/mnews/article/001/0015142383?sid=101
386,386,https://n.news.naver.com/mnews/article/119/0002911563?sid=101
387,387,https://n.news.naver.com/mnews/article/031/0000906587?sid=101
388,388,https://n.news.naver.com/mnews/article/025/0003419062?sid=101
389,389,https://n.news.naver.com/mnews/article/016/0002470442?sid=105
390,390,https://n.news.naver.com/mnews/article/421/0008057985?sid=101
391,391,https://n.news.naver.com/mnews/article/421/0007958592?sid=101
392,392,https://n.news.naver.com/mnews/article/469/0000847543?sid=101
393,393,https://n.news.naver.com/mnews/article/629/0000362025?sid=101
394,394,https://n.news.naver.com/mnews/article/001/0015386566?sid=101
395,395,https://n.news.naver.com/mnews/article/382/0001176841?sid=101
396,396,https://n.news.naver.com/mnews/article/421/0008053017?sid=101
397,397,https://n.news.naver.com/mnews/article/417/0001040802?sid=101
398,398,https://n.news.naver.com/mnews/article/016/0002419426?sid=101
399,399,https://n.news.naver.com/mnews/article/014/0005300602?sid=102
400,400,https://n.news.naver.com/mnews/article/421/0007921783?sid=101
401,401,https://n.news.naver.com/mnews/article/469/0000864427?sid=101
402,402,https://n.news.naver.com/mnews/article/009/0005431667?sid=101
403,403,https://n.news.naver.com/mnews/article/374/0000421672?sid=101
404,404,https://n.news.naver.com/mnews/article/031/0000886715?sid=101
405,405,https://n.news.naver.com/mnews/article/029/0002954320?sid=105
406,406,https://n.news.naver.com/mnews/article/002/0002369961?sid=101
407,407,https://n.news.naver.com/mnews/article/293/0000060694?sid=101
408,408,https://n.news.naver.com/mnews/article/629/0000357124?sid=101
409,409,https://n.news.naver.com/mnews/article/056/0011837051?sid=101
410,410,https://n.news.naver.com/mnews/article/056/0011837051?sid=101
411,411,https://n.news.naver.com/mnews/article/001/0015194466?sid=103
412,412,https://n.news.naver.com/mnews/article/022/0004003784?sid=101
413,413,https://n.news.naver.com/mnews/article/661/0000049277?sid=101
414,414,https://n.news.naver.com/mnews/article/092/0002351682?sid=105
415,415,https://n.news.naver.com/mnews/article/417/0001052693?sid=101
416,416,https://n.news.naver.com/mnews/article/586/0000095645?sid=101
417,417,https://n.news.naver.com/mnews/article/003/0012893887?sid=101
418,418,https://n.news.naver.com/mnews/article/586/0000095645?sid=101
419,419,https://n.news.naver.com/mnews/article/003/0012893887?sid=101
420,420,https://n.news.naver.com/mnews/article/586/0000094805?sid=101
421,421,https://n.news.naver.com/mnews/article/277/0005497315?sid=101
422,422,https://n.news.naver.com/mnews/article/421/0008246727?sid=105
423,423,https://n.news.naver.com/mnews/article/421/0008254015?sid=101
424,424,https://n.news.naver.com/mnews/article/421/0008254015?sid=101
425,425,https://n.news.naver.com/mnews/article/008/0005116232?sid=101
426,426,https://n.news.naver.com/mnews/article/022/0004000857?sid=101
427,427,https://n.news.naver.com/mnews/article/001/0015141804?sid=101
428,428,https://n.news.naver.com/mnews/article/009/0005423479?sid=103
429,429,https://n.news.naver.com/mnews/article/658/0000093109?sid=101
430,430,https://n.news.naver.com/mnews/article/052/0002135325?sid=101
431,431,https://n.news.naver.com/mnews/article/052/0002113238?sid=101
432,432,https://n.news.naver.com/mnews/article/014/0005291709?sid=101
433,433,https://n.news.naver.com/mnews/article/016/0002410878?sid=101
434,434,https://n.news.naver.com/mnews/article/421/0008004770?sid=101
435,435,https://n.news.naver.com/mnews/article/241/0003406753?sid=103
436,436,https://n.news.naver.com/mnews/article/016/0002411367?sid=101
437,437,https://n.news.naver.com/mnews/article/586/0000095138?sid=101
438,438,https://n.news.naver.com/mnews/article/008/0005106461?sid=101
439,439,https://n.news.naver.com/mnews/article/005/0001750987?sid=101
440,440,https://n.news.naver.com/mnews/article/008/0005106461?sid=101
441,441,https://n.news.naver.com/mnews/article/030/0003251743?sid=101
442,442,https://n.news.naver.com/mnews/article/138/0002196699?sid=101
443,443,https://n.news.naver.com/mnews/article/421/0008249244?sid=101
444,444,https://n.news.naver.com/mnews/article/001/0015138598?sid=101
445,445,https://n.news.naver.com/mnews/article/055/0001220996?sid=102
446,446,https://n.news.naver.com/mnews/article/001/0015138601?sid=101
447,447,https://n.news.naver.com/mnews/article/055/0001220996?sid=102
448,448,https://n.news.naver.com/mnews/article/629/0000353708?sid=101
449,449,https://n.news.naver.com/mnews/article/081/0003508728?sid=101
450,450,https://n.news.naver.com/mnews/article/421/0007861364?sid=101
451,451,https://n.news.naver.com/mnews/article/374/0000420117?sid=101
452,452,https://n.news.naver.com/mnews/article/018/0005862717?sid=101
453,453,https://n.news.naver.com/mnews/article/011/0004435865?sid=101
454,454,https://n.news.naver.com/mnews/article/081/0003508728?sid=101
455,455,https://n.news.naver.com/mnews/article/421/0007861364?sid=101
456,456,https://n.news.naver.com/mnews/article/374/0000420117?sid=101
457,457,https://n.news.naver.com/mnews/article/018/0005862717?sid=101
458,458,https://n.news.naver.com/mnews/article/001/0015042508?sid=102
459,459,https://n.news.naver.com/mnews/article/001/0015042507?sid=102
460,460,https://n.news.naver.com/mnews/article/421/0008238104?sid=101
461,461,https://n.news.naver.com/mnews/article/001/0015042504?sid=102
462,462,https://n.news.naver.com/mnews/article/001/0015042507?sid=102
463,463,https://n.news.naver.com/mnews/article/421/0008238104?sid=101
464,464,https://n.news.naver.com/mnews/article/421/0008050772?sid=101
465,465,https://n.news.naver.com/mnews/article/005/0001733226?sid=103
466,466,https://n.news.naver.com/mnews/article/008/0005101782?sid=101
467,467,https://n.news.naver.com/mnews/article/366/0001075410?sid=101
468,468,https://n.news.naver.com/mnews/article/014/0005251924?sid=101
469,469,https://n.news.naver.com/mnews/article/366/0001075410?sid=101
470,470,https://n.news.naver.com/mnews/article/014/0005251924?sid=101
471,471,https://n.news.naver.com/mnews/article/002/0002389311?sid=104
472,472,https://n.news.naver.com/mnews/article/018/0005841950?sid=101
473,473,https://n.news.naver.com/mnews/article/024/0000093591?sid=101
474,474,https://n.news.naver.com/mnews/article/001/0014962190?sid=105
475,475,https://n.news.naver.com/mnews/article/024/0000093358?sid=101
476,476,https://n.news.naver.com/mnews/article/001/0014995954?sid=102
477,477,https://n.news.naver.com/mnews/article/003/0012852512?sid=102
478,478,https://n.news.naver.com/mnews/article/018/0006008087?sid=101
479,479,https://n.news.naver.com/mnews/article/001/0014995954?sid=102
480,480,https://n.news.naver.com/mnews/article/003/0012852510?sid=102
481,481,https://n.news.naver.com/mnews/article/014/0005351772?sid=101
482,482,https://n.news.naver.com/mnews/article/003/0013229316?sid=101
483,483,https://n.news.naver.com/mnews/article/079/0003962224?sid=102
484,484,https://n.news.naver.com/mnews/article/003/0013214767?sid=101
485,485,https://n.news.naver.com/mnews/article/022/0004034356?sid=101
486,486,https://n.news.naver.com/mnews/article/421/0007756973?sid=101
487,487,https://n.news.naver.com/mnews/article/001/0014995944?sid=102
488,488,https://n.news.naver.com/mnews/article/014/0005351772?sid=101
489,489,https://n.news.naver.com/mnews/article/003/0013229316?sid=101
490,490,https://m.entertain.naver.com/article/003/0013229795
491,491,https://n.news.naver.com/mnews/article/079/0003962224?sid=102
492,492,https://n.news.naver.com/mnews/article/003/0013214767?sid=101
493,493,https://n.news.naver.com/mnews/article/022/0004034356?sid=101
494,494,https://n.news.naver.com/mnews/article/421/0007756973?sid=101
495,495,https://n.news.naver.com/mnews/article/215/0001177253?sid=101
496,496,https://m.entertain.naver.com/article/003/0013229795
497,497,https://n.news.naver.com/mnews/article/079/0003962224?sid=102
498,498,https://n.news.naver.com/mnews/article/092/0002373548?sid=105
499,499,https://n.news.naver.com/mnews/article/003/0013214767?sid=101
500,500,https://n.news.naver.com/mnews/article/022/0004034356?sid=101
501,501,https://n.news.naver.com/mnews/article/421/0007756973?sid=101
502,502,https://n.news.naver.com/mnews/article/215/0001177253?sid=101
503,503,https://n.news.naver.com/mnews/article/117/0003867401?sid=103
504,504,https://n.news.naver.com/mnews/article/658/0000089067?sid=102
505,505,https://n.news.naver.com/mnews/article/421/0007756973?sid=101
506,506,https://n.news.naver.com/mnews/article/215/0001177253?sid=101
507,507,https://n.news.naver.com/mnews/article/117/0003867401?sid=103
508,508,https://n.news.naver.com/mnews/article/374/0000439329?sid=101
509,509,https://n.news.naver.com/mnews/article/011/0004413108?sid=101
510,510,https://n.news.naver.com/mnews/article/008/0005081099?sid=101
511,511,https://n.news.naver.com/mnews/article/003/0012744781?sid=101
512,512,https://n.news.naver.com/mnews/article/005/0001721426?sid=101
513,513,https://n.news.naver.com/mnews/article/011/0004413108?sid=101
514,514,https://n.news.naver.com/mnews/article/008/0005081099?sid=101
515,515,https://n.news.naver.com/mnews/article/003/0012744781?sid=101
516,516,https://n.news.naver.com/mnews/article/417/0001022518?sid=101
517,517,https://n.news.naver.com/mnews/article/001/0015050678?sid=101
518,518,https://n.news.naver.com/mnews/article/629/0000314724?sid=101
519,519,https://n.news.naver.com/mnews/article/011/0004413108?sid=101
520,520,https://n.news.naver.com/mnews/article/008/0005081099?sid=101
521,521,https://n.news.naver.com/mnews/article/003/0012744781?sid=101
522,522,https://n.news.naver.com/mnews/article/417/0001022518?sid=101
523,523,https://n.news.naver.com/mnews/article/050/0000079194?sid=101
524,524,https://n.news.naver.com/mnews/article/001/0015050678?sid=101
525,525,https://n.news.naver.com/mnews/article/629/0000314724?sid=101
526,526,https://n.news.naver.com/mnews/article/119/0002863588?sid=101
527,527,https://n.news.naver.com/mnews/article/032/0003332931?sid=102
528,528,https://n.news.naver.com/mnews/article/119/0002863588?sid=101
529,529,https://n.news.naver.com/mnews/article/469/0000865841?sid=102
530,530,https://n.news.naver.com/mnews/article/629/0000388118?sid=101
531,531,https://n.news.naver.com/mnews/article/277/0005461319?sid=101
532,532,https://n.news.naver.com/mnews/article/022/0003964196?sid=101
533,533,https://n.news.naver.com/mnews/article/215/0001175990?sid=103
534,534,https://n.news.naver.com/mnews/article/008/0005078880?sid=101
535,535,https://n.news.naver.com/mnews/article/016/0002351584?sid=101
536,536,https://n.news.naver.com/mnews/article/469/0000865841?sid=102
537,537,https://n.news.naver.com/mnews/article/629/0000388118?sid=101
538,538,https://n.news.naver.com/mnews/article/277/0005461319?sid=101
539,539,https://n.news.naver.com/mnews/article/022/0003964196?sid=101
540,540,https://n.news.naver.com/mnews/article/031/0000865668?sid=101
541,541,https://n.news.naver.com/mnews/article/648/0000030638?sid=101
542,542,https://n.news.naver.com/mnews/article/055/0001182872?sid=101
543,543,https://n.news.naver.com/mnews/article/020/0003582851?sid=101
544,544,https://n.news.naver.com/mnews/article/469/0000865841?sid=102
545,545,https://n.news.naver.com/mnews/article/629/0000388118?sid=101
546,546,https://n.news.naver.com/mnews/article/028/0002703598?sid=102
547,547,https://n.news.naver.com/mnews/article/277/0005461319?sid=101
548,548,https://n.news.naver.com/mnews/article/022/0003964196?sid=101
549,549,https://n.news.naver.com/mnews/article/031/0000865668?sid=101
550,550,https://n.news.naver.com/mnews/article/648/0000030638?sid=101
551,551,https://n.news.naver.com/mnews/article/374/0000399509?sid=103
552,552,https://n.news.naver.com/mnews/article/031/0000865668?sid=101
553,553,https://n.news.naver.com/mnews/article/648/0000030638?sid=101
554,554,https://n.news.naver.com/mnews/article/016/0002386475?sid=101
555,555,https://n.news.naver.com/mnews/article/056/0011784055?sid=101
556,556,https://n.news.naver.com/mnews/article/374/0000440345?sid=101
557,557,https://n.news.naver.com/mnews/article/629/0000388144?sid=101
558,558,https://n.news.naver.com/mnews/article/014/0005346805?sid=101
